epoch,time,train/box_loss,train/cls_loss,train/dfl_loss,metrics/precision(B),metrics/recall(B),metrics/mAP50(B),metrics/mAP50-95(B),val/box_loss,val/cls_loss,val/dfl_loss,lr/pg0,lr/pg1,lr/pg2
1,28.205,1.0806,1.82924,1.46428,0.66131,0.7535,0.78295,0.54667,1.05015,1.17953,1.48823,0.0702885,0.00330128,0.00330128
2,55.2927,0.94129,0.96966,1.30526,0.77819,0.81229,0.82912,0.56276,1.10943,0.89558,1.59845,0.0402222,0.00656834,0.00656834
